epoch,Training Loss,Validation Loss
1,0.70409596,0.7038159
2,0.70362574,0.7033404
3,0.7031871,0.70290214
4,0.7026998,0.70244014
5,0.7022901,0.70200187
